Income_Personal_Saving_Rate,Income_Per_Capita_Income,Household_Survey_Unemployment_Rate,Interest_Rates_10_Year,Interest_Rates_3_Month,S_P_500_Composite,Charge_Off_Rates_All,Motor_gasoline_prices_Unleaded,DateJOIN,Delinquencies_Per_Capita
5,29747.16297,4,6.661,5.3185,1425.5855,4.562116475,131.7539368,200001,NA
4.5,29943.16651,4.1,6.5195,5.548,1388.874,4.531454504,140.055069,200002,NA
4.3,30136.36473,4,6.256521739,5.694782609,1442.213043,4.376417323,153.4450951,200003,NA
4.8,30326.88986,3.8,5.990526316,5.658421053,1461.355263,4.169691185,150.4358788,200004,NA
4.8,30508.25037,4,6.440454545,5.790909091,1418.479545,4.031345071,150.6259583,200005,NA
4.8,30677.41371,4,6.097272727,5.686363636,1461.959091,4.038959253,161.5824509,200006,NA
5.1,30831.23798,4,6.054,5.955,1473.0025,4.148914818,159.5825043,200007,NA
5.2,30970.82113,4.1,5.826086957,6.094347826,1485.458261,4.276802783,152.6282578,200008,NA
4.5,31092.46501,3.9,5.799,5.9975,1468.054,4.354284157,158.81007,200009,NA
4.8,31199.42058,3.9,5.738571429,6.106666667,1390.144091,4.384470311,158.0734436,200010,NA
4.7,31292.82823,3.9,5.717142857,6.171904762,1375.036667,4.389892668,156.8632355,200011,NA
4.4,31373.53054,3.9,5.2405,5.769,1330.9305,4.395638304,151.1797371,200012,NA
4.9,31443.65825,4.2,5.160952381,5.145714286,1335.628095,4.436571158,148.9553894,200101,NA
5,31500.23966,4.2,5.098947368,4.881578947,1305.751579,4.542195236,149.606369,200102,NA
5.3,31547.59849,4.3,4.885454545,4.424545455,1185.85,4.731236371,145.7900772,200103,NA
5.1,31588.07689,4.4,5.141,3.8725,1189.8375,4.973929371,156.3104553,200104,NA
4.5,31620.75867,4.3,5.391363636,3.620454545,1270.368636,5.207753751,170.2253914,200105,NA
4.4,31646.70928,4.5,5.284285714,3.485238095,1238.712381,5.388311704,163.7502594,200106,NA
5.6,31666.84762,4.6,5.236190476,3.513333333,1204.449048,5.512331472,145.3344177,200107,NA
6.6,31682.44305,4.9,4.971304348,3.36173913,1178.505652,5.592802947,144.2411079,200108,NA
7,31694.0202,5,4.731764706,2.636470588,1044.644,5.664907338,154.5947075,200109,NA
3.1,31702.86852,5.3,4.566818182,2.157272727,1076.590435,5.845348792,136.9162537,200110,NA
3.5,31710.03601,5.5,4.6515,1.871,1129.683333,6.26940079,121.7521591,200111,NA
3.8,31716.53369,5.7,5.0875,1.69,1144.930153,6.965283795,112.4784256,200112,NA
5.7,31723.51205,5.7,5.035714286,1.653333333,1140.207765,7.626597659,114.2159615,200201,NA
5.5,31731.45921,5.7,4.911578947,1.724736842,1100.668098,7.818367457,114.0342159,200202,NA
5.6,31741.67894,5.7,5.284,1.7875,1153.789491,7.354922379,124.970295,200203,NA
5.5,31755.54821,5.9,5.210909091,1.713636364,1112.035069,6.55400981,139.9403503,200204,NA
6.2,31773.84455,5.8,5.164545455,1.727272727,1079.265837,5.969619314,140.2892151,200205,NA
6.2,31797.53815,5.8,4.9265,1.6995,1014.046058,5.956355013,139.3959808,200206,NA
5.4,31827.68392,5.8,4.653181818,1.683181818,903.5906283,6.273793871,140.7410187,200207,NA
5.4,31865.47351,5.7,4.257272727,1.615909091,912.5544024,6.477556056,141.5625534,200208,NA
5.9,31909.81235,5.7,3.87,1.629,867.8108217,6.268656567,141.8466309,200209,NA
5.8,31961.38949,5.7,3.940909091,1.580454545,854.6316276,5.814743421,146.3100052,200210,NA
5.8,32020.20427,5.9,4.048421053,1.234736842,909.9272535,5.424849527,144.2575035,200211,NA
5.4,32086.41512,6,4.032380952,1.190952381,899.1781682,5.320412633,140.797998,200212,NA
5.4,32161.30954,5.8,4.048571429,1.169047619,895.8369801,5.449835294,146.4524994,200301,NA
5.3,32239.72677,5.9,3.902631579,1.165263158,837.6193633,5.659143219,160.8750038,200302,NA
5,32325.36475,5.9,3.807142857,1.130952381,846.6208123,5.841001504,168.0580017,200303,NA
5.1,32421.36336,6,3.958571429,1.132380952,890.0253571,5.953837221,159.3774986,200304,NA
5.5,32525.14857,6.1,3.569047619,1.068095238,935.9623155,5.963581987,151.5499992,200305,NA
5.3,32636.71379,6.3,3.334285714,0.917142857,987.9962206,5.872575136,150.5420013,200306,NA
6.1,32756.17408,6.2,3.975454545,0.900454545,992.5362081,5.762435997,152.5875015,200307,NA
5.9,32885.02462,6.1,4.445238095,0.949047619,989.5324379,5.742386849,161.5699997,200308,NA
5.1,33017.87214,6.1,4.274285714,0.936666667,1019.441653,5.86515817,168.3220001,200309,NA
5.3,33155.48116,6,4.290454545,0.921818182,1038.734085,6.01355031,158.2550011,200310,NA
5.3,33296.51103,5.8,4.3,0.932222222,1049.900554,6.01960399,153.3400002,200311,NA
5.2,33439.69632,5.7,4.267727273,0.895909091,1080.635464,5.786838673,149.8320007,200312,NA
4.9,33586.0844,5.7,4.1505,0.883,1132.517442,5.44297129,157.6575012,200401,NA
4.9,33727.31181,5.6,4.084210526,0.925789474,1143.356617,5.206212548,164.1925011,200402,NA
4.7,33866.833,5.8,3.826521739,0.936956522,1123.979975,5.190836919,172.423999,200403,NA
5.1,34005.69969,5.6,4.347619048,0.943809524,1133.078598,5.290893544,178.659996,200404,NA
5.1,34140.22793,5.6,4.7155,1.0235,1102.781502,5.322833818,197.3659973,200405,NA
5.6,34269.17602,5.6,4.733809524,1.266666667,1132.757181,5.166281067,196.9750023,200406,NA
5,34391.30439,5.5,4.498095238,1.333333333,1105.84636,4.898845247,190.9625015,200407,NA
5,34508.79814,5.4,4.281363636,1.479090909,1088.93616,4.66332985,188.7960022,200408,NA
4.4,34619.68735,5.4,4.125714286,1.652857143,1117.655936,4.567821277,187.722496,200409,NA
4.3,34727.85043,5.5,4.097,1.761,1118.068077,4.57349281,198.5625,200410,NA
3.8,34835.26288,5.4,4.194,2.069,1168.936528,4.601715453,197.4100006,200411,NA
6.6,34943.88368,5.4,4.230909091,2.187272727,1199.210507,4.594787508,184.5925026,200412,NA
3.2,35057.52918,5.3,4.2215,2.3335,1181.407406,4.557466668,182.8839996,200501,NA
2.9,35170.52651,5.4,4.165263158,2.538947368,1199.626638,4.51791295,190.5474968,200502,NA
3.1,35290.22077,5.2,4.497727273,2.738636364,1194.897547,4.48460767,206.4974976,200503,NA
2.7,35422.69136,5.2,4.340952381,2.780952381,1164.42314,4.422187121,222.2975006,200504,NA
3.2,35566.10972,5.1,4.144285714,2.841428571,1178.27565,4.281083658,216.2839966,200505,NA
2.6,35722.30272,5,3.998181818,2.972727273,1202.255324,4.076708876,215.6124992,200506,NA
2.1,35893.21086,5,4.1775,3.2155,1222.237443,4.022414362,228.579998,200507,0.009488120565454847
2.6,36081.61082,4.9,4.262608696,3.440869565,1224.270603,4.403174943,247.0860046,200508,0.00946456839688123
2.7,36278.93375,5,4.199047619,3.41952381,1225.915297,5.284346089,291.3674927,200509,0.009423673595062028
2.9,36485.4802,5,4.4635,3.706,1191.965478,6.155875513,271.9779907,200510,0.009281593158437889
3.2,36698.46353,5,4.535,3.8835,1237.368614,6.325983822,225.4975014,200511,0.009151310258614544
3.1,36915.23858,4.9,4.467142857,3.886190476,1262.071448,5.398111391,217.8300018,200512,0.009125595668858639
3.7,37136.63814,4.7,4.416,4.236,1278.723621,3.908139352,230.0059967,200601,0.009040074545812984
3.9,37345.79406,4.8,4.568947368,4.433157895,1276.645195,2.784191727,227.5224991,200602,0.009157780479807308
4.1,37550.87052,4.7,4.723913043,4.512173913,1293.740727,2.517842655,239.9375,200603,0.009121428232797654
3.8,37756.14358,4.7,4.990526316,4.603684211,1302.184496,2.908854634,270.590004,200604,0.00900420649722452
3.6,37951.76241,4.6,5.11,4.715454545,1290.001162,3.508701997,288.4880005,200605,0.009587689503433083
3.7,38135.14559,4.6,5.106363636,4.791363636,1253.122709,3.932481412,286.8425064,200606,0.009792390870987128
3.1,38303.63873,4.7,5.0875,4.9465,1260.239289,4.108510856,296.4380066,200607,0.010033007479973086
3.3,38459.65382,4.7,4.876521739,4.960434783,1287.151417,4.071238674,296.6549988,200608,0.01017128947017246
3.2,38600.672,4.5,4.719,4.8055,1317.805043,3.880285118,259.1575012,200609,0.010413874263132184
3.2,38732.00965,4.4,4.729047619,4.917142857,1363.38538,3.66007386,227.0919983,200610,0.010625198954786955
3.6,38856.519,4.5,4.595238095,4.943333333,1388.63315,3.553879619,223.8499985,200611,0.010756727373570025
3.5,38976.90224,4.4,4.5645,4.8475,1416.419771,3.646047824,231.2400017,200612,0.010714056547071112
3.2,39097.91108,4.6,4.75952381,4.975238095,1424.162582,3.83576098,224.1599976,200701,0.011253396423926339
3.6,39214.39458,4.5,4.722631579,5.026842105,1444.795392,3.953472895,224.4500008,200702,0.01129564663382103
3.9,39334.81421,4.4,4.564545455,4.939090909,1406.951417,3.910739119,252.2949982,200703,0.011498535041740233
3.8,39465.98281,4.5,4.693809524,4.869047619,1463.647579,3.780718368,281.0160095,200704,0.011615538033760128
3.6,39606.77478,4.4,4.746363636,4.732727273,1511.136563,3.7019428,312.6924973,200705,0.011799412435953456
3.5,39759.83256,4.6,5.102857143,4.610952381,1514.489501,3.767330956,306.125,200706,0.012734781155973818
3.4,39927.74914,4.7,5.004285714,4.821428571,1520.704915,3.925367303,297.9519958,200707,0.013051916911156373
3.1,40112.01026,4.6,4.674782609,4.20173913,1454.615662,4.076568685,280.4424973,200708,0.01342030838878719
3.1,40300.93815,4.7,4.521578947,3.892105263,1497.115742,4.148070015,281.5449905,200709,0.013654987593372542
3,40491.29192,4.7,4.527727273,3.899545455,1539.659237,4.174226769,279.8820007,200710,0.014259044547442654
2.8,40676.96069,4.7,4.1485,3.273,1463.384922,4.218612345,306.2275009,200711,0.014726956178480206
3.2,40851.73059,5,4.0975,2.9955,1479.228079,4.32716694,300.0940002,200712,0.015193060609364591
3.2,41011.97334,5,3.744285714,2.753333333,1378.764067,4.492613694,303.4725113,200801,0.015633274534471615
3.6,41144.45242,4.9,3.7375,2.1245,1354.872848,4.678395692,302.2324982,200802,0.016026289049204376
3.4,41248.34149,5.1,3.51,1.2625,1316.942827,4.868982414,322.6080017,200803,0.016284883419226487
2.9,41319.23598,5,3.675,1.293636364,1370.467806,5.067127744,342.7149963,200804,0.01699604792265607
7.3,41348.52084,5.4,3.88,1.733809524,1403.217991,5.276068126,374.4049911,200805,0.017337626344942833
5.1,41330.55301,5.6,4.09952381,1.856190476,1341.251115,5.496796704,402.3679932,200806,0.017242232876466118
4,41259.25428,5.8,4.007727273,1.625909091,1257.327044,5.714350467,405.609993,200807,0.01741939325872976
3.5,41134.14806,6.1,3.885714286,1.721904762,1281.47253,5.911509816,379.8800049,200808,0.01811669963565774
4.3,40968.20846,6.1,3.686190476,1.134285714,1217.008509,6.07414481,370.9140076,200809,0.01872187710298297
5.2,40769.14604,6.5,3.814090909,0.674545455,968.8013882,6.23489788,308.6025009,200810,0.019213624703851392
6.3,40546.86523,6.8,3.526666667,0.191111111,883.040994,6.434521445,218.9625053,200811,0.02008710765205761
6.2,40310.76024,7.3,2.416363636,0.034545455,877.5620408,6.710586032,171.4859955,200812,0.021381570868448878
6.2,40066.62179,7.8,2.5175,0.13,865.5752477,7.093998695,177.6874962,200901,0.021877751383483173
5.6,39839.40146,8.3,2.87,0.295789474,805.2270114,7.573286763,191.0274963,200902,0.022633136919309856
5.9,39626.3414,8.7,2.819545455,0.213636364,757.1268635,8.162714287,195.4159973,200903,0.0235688520451977
6.6,39429.71817,9,2.927142857,0.158095238,848.1516808,8.80805514,204.3474998,200904,0.024337132312536394
7.9,39267.04282,9.4,3.293,0.176,902.408213,9.38725552,225.0525017,200905,0.024715160007851632
6.2,39147.49073,9.5,3.721818182,0.176818182,926.1151662,9.824684229,261.202002,200906,0.025022413231266943
5.5,39080.62404,9.5,3.562272727,0.183636364,935.8209777,10.12712203,253.3700027,200907,0.025292587150531096
4.5,39068.43519,9.6,3.587142857,0.171428571,1009.724882,10.33452394,261.45,200908,0.025531555151305615
5.6,39105.99571,9.8,3.401904762,0.123333333,1044.552043,10.46834902,256.3849945,200909,0.02559641563624221
5.2,39186.98388,10,3.387619048,0.074285714,1067.664107,10.53489541,254.6724968,200910,0.025512270252087466
5.6,39304.91833,9.9,3.402631579,0.052105263,1088.068348,10.52991281,266.073999,200911,0.025367041153629213
5.6,39454.12974,9.9,3.59,0.054545455,1110.377842,10.46519198,261.7124939,200912,0.025124144551190185
5.9,39631.35138,9.8,3.733157895,0.061578947,1123.581456,10.40633965,271.6549988,201001,0.02555246514028734
5.6,39818.14188,9.8,3.691052632,0.108947368,1089.161827,10.433989,266.2325058,201002,0.025352937662860515
5.6,40017.37522,9.9,3.727391304,0.150434783,1152.04912,10.56969187,278.2340088,201003,0.025686002359664752
6.2,40230.30304,9.9,3.846818182,0.162272727,1197.316255,10.67722549,287.0324936,201004,0.025705625036017164
6.7,40444.42986,9.6,3.42,0.16,1125.063677,10.54734227,286.2400024,201005,0.02511222821222261
6.5,40653.73331,9.4,3.204090909,0.123636364,1083.360211,10.06544873,274.7449951,201006,0.0244764316603787
6.4,40852.38233,9.4,3.011428571,0.157619048,1079.802634,9.380530153,274.6225052,201007,0.0242138389384181
6.5,41041.29274,9.5,2.698636364,0.155,1087.28277,8.724977093,275.3080017,201008,0.023421772203319854
6.5,41216.22627,9.5,2.647619048,0.151904762,1122.082246,8.294477776,273.1549988,201009,0.02307106949597568
6.3,41382.50321,9.4,2.54,0.1345,1171.583193,8.05312639,281.1600037,201010,0.022591169812594958
6.1,41542.44806,9.8,2.763,0.143,1198.88831,7.909803607,287.1340027,201011,0.02202109557466157
6.5,41698.24611,9.3,3.290909091,0.140909091,1241.525182,7.767058517,298.9150009,201012,0.021521928762982027
6.9,41854.6941,9.1,3.394,0.152,1282.618646,7.497823827,308.9380066,201101,0.021329117089218846
7.2,42003.898,9,3.576315789,0.132105263,1321.118865,7.006696803,319.9425049,201102,0.021104658481749517
6.6,42155.54392,9,3.414347826,0.100434783,1304.486608,6.255475927,353.75,201103,0.02098742171457773
6.6,42316.97274,9.1,3.455,0.0585,1331.505087,5.485562444,376.5724945,201104,0.0206848104144933
6.5,42485.41834,9,3.168571429,0.040952381,1338.311426,5.102763118,389.4000061,201105,0.020337899177371777
6.7,42663.0348,9.1,3.002272727,0.037272727,1287.287963,5.31168133,369.5224991,201106,0.020106480944677103
6.9,42851.95583,9,3.003,0.0375,1325.184316,5.79262298,365.4449997,201107,0.019826364691167806
6.9,43054.7424,9,2.303043478,0.024347826,1185.3054,6.045547935,364.547998,201108,0.019769827974572877
6.5,43261.18437,9,1.975238095,0.013809524,1173.878573,5.741852611,362.6074982,201109,0.01962182647930005
6.5,43470.5531,8.8,2.152,0.019,1207.21594,5.103969218,347.1659973,201110,0.019251347737747188
6.6,43678.89301,8.6,2.0135,0.014,1226.414627,4.520716488,340.1624985,201111,0.019002174585929392
7.5,43882.22591,8.5,1.978095238,0.011428571,1243.323557,4.265317244,327.1074982,201112,0.01909953372827262
7.8,44079.73808,8.3,1.9665,0.0345,1300.577656,4.250634399,334.6780029,201201,0.0187907279434322
7.8,44258.28862,8.3,1.9675,0.092,1352.487096,4.274509726,352.7350006,201202,0.018652329343211965
8.2,44420.38946,8.2,2.172727273,0.084090909,1389.239413,4.194844971,379.1499939,201203,0.01814264289907463
8.5,44564.80304,8.2,2.052857143,0.083809524,1386.429822,4.045089297,388.1880066,201204,0.018068295462866094
8.6,44684.44023,8.2,1.803181818,0.089545455,1341.272729,3.920135874,373.0025024,201205,0.018622076773235803
8.6,44775.6466,8.2,1.622380952,0.091428571,1323.483974,3.884772848,355.7199936,201206,0.018354096755068012
7.8,44834.52287,8.2,1.526666667,0.097142857,1359.777305,3.911953093,345.6200012,201207,0.01785981092614625
7.6,44862.40338,8.1,1.67826087,0.102608696,1403.439652,3.943096522,369.0250015,201208,0.017846616128109238
8.1,44863.93313,7.8,1.723157895,0.105263158,1443.419775,3.934951743,383.8199997,201209,0.017461021496038273
8.7,44845.60315,7.8,1.746190476,0.104761905,1437.816842,3.895339421,373.9219971,201210,0.01757572338953143
9.5,44813.55641,7.7,1.654,0.0935,1394.511838,3.847579388,347.6500015,201211,0.01717962979834443
11.6,44773.63434,7.9,1.719,0.07,1422.284513,3.807082426,332.0179932,201212,0.01686245352585755
5.9,44731.19375,8,1.914761905,0.074285714,1480.394488,3.76468024,329.1449966,201301,0.01668002764629273
5.6,44694.64827,7.7,1.984210526,0.098947368,1512.311887,3.708103245,361.7725067,201302,0.01634641108299825
5.9,44667.56757,7.5,1.9575,0.087,1550.82943,3.627212637,368.2799988,201303,0.016010993152878863
6.2,44654.94753,7.6,1.759090909,0.06,1570.702325,3.533073379,355.8339966,201304,0.015762345350577127
6.4,44664.11856,7.5,1.928181818,0.044090909,1639.843895,3.450446923,361.4799957,201305,0.015312310037327971
6.5,44700.77083,7.5,2.3,0.0505,1618.771934,3.396479195,362.8874969,201306,0.014680347221787671
6.3,44770.84202,7.3,2.582272727,0.035454545,1668.67477,3.372593171,360.3340027,201307,0.01492778464159029
6.4,44877.29997,7.2,2.737272727,0.043636364,1670.093412,3.374449661,360.4950027,201308,0.014454053102926162
6.5,45013.19012,7.2,2.8095,0.016,1687.172843,3.392952662,355.2159973,201309,0.014050034696772873
6,45176.19746,7.2,2.615909091,0.047272727,1720.025945,3.405251008,337.3024979,201310,0.01354945057723354
5.8,45362.07137,6.9,2.718421053,0.067894737,1783.541355,3.384773564,325.1574936,201311,0.013796335554948469
6,45567.06383,6.7,2.901904762,0.066666667,1807.775206,3.319972273,326.373999,201312,0.01351516901443751
6.7,45790.75055,6.6,2.858095238,0.043333333,1822.356584,3.246430579,330.0750046,201401,0.013247252241704604
6.6,46014.16625,6.7,2.709473684,0.052631579,1817.034938,3.21757605,333.3649979,201402,0.013009542334857382
6.7,46244.38136,6.7,2.723333333,0.052380952,1863.524337,3.256006159,350.5800049,201403,0.012765953130935296
6.9,46485.54669,6.2,2.705238095,0.030952381,1864.262709,3.319952644,361.9925079,201404,0.012424148771393006
7.1,46726.03064,6.3,2.559047619,0.032380952,1889.767005,3.339223994,364.5374985,201405,0.011476345671276967
7.1,46961.88476,6.1,2.598571429,0.035714286,1947.088966,3.270827301,366.9420044,201406,0.011793936668474565
7.2,47189.19384,6.2,2.542272727,0.026363636,1973.099434,3.152594687,362.2749939,201407,0.011186812648458649
7,47409.28975,6.1,2.42,0.032857143,1961.5315,3.049062496,351.2675095,201408,0.011640506184110304
7.2,47614.67534,5.9,2.534285714,0.02,1993.226129,3.008338917,343.4660034,201409,0.011574731065426029
7.1,47808.68289,5.7,2.304090909,0.016818182,1937.27513,3.010607356,320.9625092,201410,0.010646092632201334
7.3,47991.22249,5.8,2.325555556,0.021666667,2044.572739,3.017578365,296.4925003,201411,0.011145263162402236
7.7,48161.95223,5.6,2.207272727,0.029090909,2054.265522,3.001810803,259.647998,201412,0.010731441943771887
8,48323.25611,5.7,1.8815,0.0275,2028.179379,2.968491373,214.6300011,201501,0.01058740312164324
8.1,48465.17373,5.5,1.975263158,0.017894737,2082.197056,2.936083613,218.7625008,201502,0.010513836996376834
7.7,48595.30749,5.4,2.042727273,0.027727273,2079.990506,2.915431039,241.3960022,201503,0.010096949748182251
7.6,48717.59919,5.4,1.935,0.023181818,2094.862983,2.908704671,243.9575043,201504,0.010712843821963611
7.5,48827.01212,5.6,2.1975,0.0165,2111.941774,2.916374312,266.3874969,201505,0.010017766238022295
7.4,48923.47269,5.3,2.363636364,0.015,2099.283113,2.934922229,277.4120056,201506,0.010349526707320327
7.3,49006.72253,5.2,2.324545455,0.032272727,2094.14409,2.953078111,276.5324936,201507,0.009535404005238711
7.3,49079.05218,5.1,2.167142857,0.071904762,2039.867137,2.956889018,262.8619995,201508,0.010034614676576072
7.4,49140.57662,5,2.172857143,0.022380952,1944.4023,2.940036509,238.3675003,201509,0.009648641803533734
7.5,49195.0659,5,2.07,0.015238095,2024.813082,2.919364402,230.1675034,201510,0.009720643070058013
7.3,49245.1507,5.1,2.263157895,0.124736842,2080.615506,2.918590598,216.3099976,201511,0.009647024511888936
7.4,49293.36494,5,2.242727273,0.227727273,2054.07915,2.952046434,203.0449982,201512,0.009505490075618996
7.7,49343.11447,4.8,2.085263158,0.255263158,1918.598094,3.004651503,193.2475014,201601,0.009435309164452038
7.2,49394.46397,4.9,1.7795,0.3125,1904.418678,3.048696215,175.5080015,201602,0.00931310909832505
7.6,49451.53061,5,1.889090909,0.294090909,2021.954105,3.066646487,193.355,201603,0.008843119400702171
7.2,49517.80238,5.1,1.805238095,0.228095238,2075.535439,3.057086722,208.0825,201604,0.009134196479038117
6.9,49595.07269,4.8,1.806190476,0.274285714,2065.550803,3.023535268,225.006,201605,0.009071184840076778
6.6,49685.77623,4.9,1.644090909,0.269545455,2083.890539,2.979372494,233.86,201606,0.008672790072963116
6.8,49792.48119,4.8,1.504,0.2975,2148.901411,2.964294846,223.9825,201607,0.008903408499088005
6.8,49917.73299,4.9,1.556521739,0.297391304,2177.481419,3.027836738,217.706,201608,0.008671694792121513
6.8,50056.02635,5,1.63047619,0.291904762,2157.690926,3.187864468,222.1275,201609,0.008681600143144471
6.9,50207.71244,4.9,1.7645,0.3265,2143.020616,3.381235729,224.826,201610,0.008551441093433728
7,50371.00822,4.7,2.142,0.446,2164.986631,3.518213063,218.42,201611,0.008702913201754509
6.5,50544.38583,4.7,2.491904762,0.505238095,2246.629113,3.540552297,223.52,201612,0.008383277234511417
6.9,50729.15641,4.7,2.4325,0.5115,2275.115785,3.489911917,233.602,201701,0.008388767080785047
7.2,50911.40589,4.6,2.418947368,0.521052632,2329.911285,3.442950156,229.6,201702,0.008368351368370108
7.2,51098.52124,4.4,2.48173913,0.737391304,2366.82246,3.447145406,230.815,201703,0.008430777928633797
7.3,51295.37917,4.4,2.297368421,0.798421053,2359.309161,3.49007909,238.56,201704,0.008380521931708811
7.8,51494.12311,4.4,2.303636364,0.889090909,2395.345372,3.537173283,237.274,201705,0.008395750427870354
7.5,51693.09508,4.3,2.186818182,0.982727273,2433.984309,3.562748406,233.575,201706,0.00840199113138316
7.6,51890.71331,4.3,2.318,1.067,2454.102627,3.573109995,229.356,201707,0.00828982740578579
7.6,52089.47108,4.4,2.209130435,1.014347826,2456.221836,3.585714853,237.2825,201708,0.008196266879935531
7.3,52283.20073,4.3,2.202,1.0295,2492.841694,3.611175831,262.1825,201709,0.008159059607202855
7.4,52475.45029,4.2,2.36,1.074761905,2556.997434,3.64224257,250.568,201710,0.00804575808523193
6.9,52666.57167,4.2,2.353333333,1.22952381,2593.606269,3.665679768,255.175,201711,0.007841149590185672
6.3,52856.89199,4.1,2.4025,1.322,2664.339412,3.672077917,248.2625,201712,0.007886583695472408
7.1,53049.86599,4,2.583809524,1.413333333,2789.804028,3.664279275,253.46,201801,0.007768599355246786
7.2,53233.38442,4.1,2.858947368,1.567894737,2705.154693,3.65003925,256.9375,201802,0.007822904145568564
7.2,53417.1033,4,2.842380952,1.696666667,2702.774289,3.635682638,255.9775,201803,0.007742706263055691
7.2,53607.57795,4,2.869047619,1.757619048,2653.623861,3.627843586,272.104,201804,0.007614829047630485
7.2,53798.93234,3.8,2.977727273,1.864090909,2701.493531,3.634637848,290.12,201805,0.007549167297133077
7.4,53991.49272,4,2.912380952,1.899047619,2754.352541,3.65751949,292.225,201806,0.007258017119380045
7.5,54185.6046,3.8,2.889047619,1.957142857,2793.644123,3.680372944,288.464,201807,0.007562780437108441
7.6,54384.72451,3.8,2.889130435,2.033913043,2857.820945,3.68101517,287.6625,201808,0.007522488818494142
7.7,54582.57541,3.7,3.004210526,2.126315789,2901.500251,3.648614399,287.245,201809,0.0075003162498668155
7.6,54782.50649,3.8,3.152272727,2.249090909,2785.464878,3.605847662,289.058,201810,0.007550545186801237
7.5,54984.63009,3.8,3.117,2.3265,2723.229515,3.585597098,270.405,201811,0.0074626785192569
9.4,55189.10676,3.9,2.832631579,2.365789474,2567.30676,3.608556123,242.412,201812,0.007720691315530181
9.3,55399.46697,4,2.713809524,2.374285714,2607.390823,3.657140972,228.24,201901,0.0071884288657291595
9.5,55602.13206,3.8,2.676315789,2.388421053,2754.864638,3.698200138,231.3475,201902,0.007459771771537783
9.1,55807.40879,3.8,2.570952381,2.402380952,2803.98306,3.714654754,250.23,201903,0.007568177975961058
8.9,56022.44406,3.6,2.532380952,2.382857143,2903.800954,3.716994397,277.008,201904,0.007770076977314453
8.6,56240.50793,3.6,2.395,2.352727273,2854.706237,3.725026853,286.22,201905,0.007419022910910009
8.5,56461.70244,3.6,2.074,2.1705,2890.166221,3.747978948,275.3175,201906,0.00752272410248885
8.4,56686.26346,3.7,2.059090909,2.098636364,2996.113829,3.759078809,275.068,201907,0.007255185007189755
8.7,56918.9553,3.7,1.626363636,1.949545455,2897.498109,3.718963756,265.63,201908,0.007385465310592075
8.9,57154.14298,3.5,1.6995,1.8945,2982.155032,3.621974885,260.906,201909,0.0072921887341550464
8.9,57397.55421,3.6,1.706818182,1.646818182,2977.675945,3.554497332,262.49,201910,0.0072098374624654064
8.9,57651.0369,3.6,1.812105263,1.542105263,3104.903969,3.63052392,261.825,201911,0.007341118552822147
8.3,57916.66026,3.6,1.862857143,1.535238095,3176.749306,3.884991369,258.31,201912,0.007312836195932057
9.1,58200.98479,3.5,1.757619048,1.522380952,3278.203491,4.103876641,256.3325,202001,0.007374288523614113
9.3,58491.76045,3.5,1.504210526,1.515263158,3277.313971,3.992865579,246.6125,202002,0.007179350952875058
13.8,58800.0645,4.4,0.87,0.286363636,2652.392827,3.4832223,227.284,202003,0.007038239258173208
33.8,59133.03195,14.7,0.657619048,0.138095238,2761.975744,3.137532473,187.9375,202004,0.006416926834657883
24.9,59487.90077,13.2,0.674,0.1275,2919.61445,3.767166138,187.775,202005,0.007206182590422107
20.1,59866.37019,11,0.571704518,0.253252907,2874.906042,5.788258076,241.128821,202006,0.007700388833335116
19.2,60270.29812,10.2,0.574075294,0.092802355,2775.963017,8.500389668,203.0917508,202007,0.008523798961595021
15.5,60704.02875,8.4,0.645592957,0.176188715,2724.231351,10.84456317,204.2585208,202008,0.010405734421854468
14.6,61146.52027,7.9,0.68292851,0.193267822,2628.720703,11.96850216,200.2175391,202009,0.013019849825535609
14,61597.23247,6.9,0.690878298,0.164319161,2521.682208,12.06825591,192.9861559,202010,0.015774158820854218
13.3,62048.68258,6.7,0.69291519,0.141283035,2452.37207,11.60933828,186.4418634,202011,0.017868615032406145
13.8,62493.404090000004,6.7,0.707043314,0.159852966,2451.974546,10.99584558,183.7125766,202012,0.01877218931677464
20,62930.91784,6.4,0.734941921,0.205692553,2494.346333,10.472146,185.5770876,202101,0.01882351859222227
13.4,63326.80825,6.2,0.770085305,0.245119929,2532.284807,10.25021132,191.6272092,202102,0.01863713604277383
26.3,63695.23095,6,0.810893118,0.260913526,2539.816973,10.38765988,201.3602867,202103,0.018629314298522843
12.8,64040.94692,6,0.859591083,0.265548944,2534.640625,10.6638217,212.8942448,202104,0.018705403671271385
10.3,64342.92878,5.8,0.916981351,0.281727006,2550.180507,10.7319469,223.0162603,202105,0.018594099789519897
9.3,64594.25858,5.9,0.983686906,0.322422981,2609.049805,10.37424725,229.5732805,202106,0.01813599053621943
9.9,64787.50759,5.4,1.056614504,0.368031609,2699.009577,9.762796144,232.7560933,202107,0.017521081199997044
9.5,64925.46192,5.2,1.132486087,0.388047695,2797.000107,9.197492071,233.6113255,202108,0.0170533520395134
7.9,65012.27473,4.7,1.205595795,0.364536762,2880.153641,8.909688503,233.0562859,202109,0.0169473772279759
7.3,65059.66099,4.6,1.277524697,0.32038704,2944.832995,8.821976839,231.7884069,202110,0.017067658792942506
7.1,65077.35962,4.2,1.349816407,0.290536642,2990.775635,8.775510311,230.4027347,202111,0.017182594520034705
7.5,65074.45722,3.9,1.425638018,0.297834566,3018.803632,8.652495074,229.6733855,202112,0.017124945446075745
4.7,65060.21393,4,1.514480068,0.327489299,3034.584016,8.456053417,230.9586086,202201,0.01692188477339752
4.5,65044.90678,3.8,1.618841281,0.350801136,3044.070184,8.246416939,235.4614422,202202,0.016682160169204197
3.8,65036.67987,3.6,1.746397893,0.351133462,3053.036071,8.04755776,243.7276428,202203,0.016454706321051123
3.7,65044.36945,3.6,1.887973924,0.334312081,3062.579376,7.852008451,253.7209765,202204,0.01619589232073933
3.6,65078.05884,3.6,2.019277528,0.314568983,3071.800099,7.654104608,261.7668053,202205,0.015843347369911342
3,65146.77574,3.6,2.126077009,0.303351611,3080.330048,7.443899216,265.4402878,202206,0.0153537646221751
3.5,65259.78015,3.5,2.21246054,0.301245153,3088.566299,7.220328516,265.3829441,202207,0.014759599046965863
3.5,65421.9509,3.7,2.290292043,0.305146498,3097.314591,6.981644029,263.2991048,202208,0.014110464504142394
2.640128432,65623.11938,3.5,2.365341631,0.311343968,3106.87558,6.73801994,260.673065,202209,0.01347628026716079
3.324755795,65860.19525,3.530952289,2.440294557,0.315107242,3117.74067,6.48914104,257.9450824,202210,0.012863566398520371
3.50502308,66127.19001,3.546821541,2.514352875,0.311445355,3130.158691,6.23887448,255.2808767,202211,0.012278518864106669
3.752576855,66418.77275,3.57574312,2.586793021,0.300117616,3144.100608,5.991972939,253.1510483,202212,0.011732574519783517
4.025585493,66734.32705,3.619577587,2.658420496,0.295824466,3158.806251,5.752148811,252.9608223,202301,0.011243589559336456
4.252921578,67047.21102,3.675636266,2.724513314,0.316552264,3172.094846,5.542099467,256.1906642,202302,0.010867594332348761
4.412108132,67367.38229,3.74402418,2.788691285,0.372959952,3183.939544,5.3557698,263.4244199,202303,0.010594850116923881
4.520661657,67700.47199,3.81609153,2.854373431,0.455460548,3195.454865,5.185674673,272.4787249,202304,0.01038782599233686
4.601444302,68030.12965,3.874959366,2.921062073,0.542474351,3207.489122,5.034678294,279.5202704,202305,0.010211837543913603
4.677069394,68350.79432,3.91162987,2.989689131,0.618810534,3221.145767,4.899652984,281.9669005,202306,0.010035225851652008
4.746731741,68656.97272,3.933702209,3.058854856,0.686131043,3237.01541,4.781956883,280.4270402,202307,0.009874003837250693
4.803124569,68951.26886,3.954983431,3.127456973,0.752944365,3255.789893,4.682524508,276.5896275,202308,0.009758013036041633
4.839619233,69225.6053,3.984118258,3.191790867,0.822627664,3276.6745,4.605518294,272.0757287,202309,0.009710099080190071
4.862045087,69486.51554,4.018766199,3.25357029,0.896157021,3298.080228,4.545593336,267.577038,202310,0.009710417211686076
4.878310506,69735.89853,4.052408576,3.314086286,0.971584409,3317.61554,4.497409226,263.5943087,202311,0.009729088795161637
4.893298176,69975.39982,4.079037336,3.374219365,1.047232264,3333.707472,4.456993651,260.8263647,202312,0.009744106039410063
4.903623143,70210.59978,4.094567992,3.434656011,1.123382269,3347.651426,4.423097474,260.5445502,202401,0.009756309660967454
4.902949452,70432.04711,4.094973355,3.491836544,1.195706697,3360.684278,4.397572592,264.0858447,202402,0.009773029909336518
4.88775517,70649.05318,4.079017525,3.546780055,1.26620023,3374.621828,4.379332703,271.8220996,202403,0.009801767286998246
4.860326165,70866.92987,4.050309481,3.598647516,1.336189408,3389.503479,4.366858716,281.1572656,202404,0.009847466062531044
4.825406573,71083.75711,4.014781634,3.644392684,1.404839922,3404.391041,4.358889995,288.1502598,202405,0.00991353836523406
4.787071504,71301.2993,3.977833032,3.683053038,1.472802654,3418.776047,4.354251676,290.1473831,202406,0.009998530814297604
4.747100633,71521.26954,3.942936891,3.716617964,1.541504471,3432.814562,4.353608892,287.9789337,202407,0.010086860851312399
4.705941088,71748.25433,3.912465443,3.74871022,1.613807063,3447.121615,4.358239587,283.6522992,202408,0.010159115762133849
4.666305717,71975.02648,3.888624301,3.780764908,1.688256204,3461.529272,4.368152099,279.0017744,202409,0.01020130476054525
4.629805872,72205.26308,3.867383688,3.81393701,1.764497834,3476.294794,4.380475067,274.5306209,202410,0.010228962557625386
4.598892311,72438.94222,3.84376556,3.848244466,1.840266228,3491.354111,4.391320993,270.4413885,202411,0.010264539050558536
4.57531801,72676.11767,3.815362953,3.883321634,1.914072662,3506.628556,4.398204001,267.2601053,202412,0.01032350973062412
4.558113849,72920.75117,3.787337016,3.918126698,1.988042766,3522.225627,4.403112628,266.4721682,202501,0.010400682068673875
4.546685838,73156.88573,3.769025091,3.948617333,2.059044657,3536.983846,4.408926828,269.6647276,202502,0.01047761756112828
4.539329984,73396.37339,3.764035018,3.975349795,2.131176399,3551.520282,4.417960816,277.3742207,202503,0.010548523385008191
4.536511671,73647.42268,3.769090859,4.000301963,2.204025745,3566.230492,4.42940409,287.0742053,202504,0.010615986848020056
4.539767415,73902.04709,3.778373621,4.024439241,2.271005838,3580.532352,4.440686743,294.4210267,202505,0.010681080358794198
4.54962652,74160.22353,3.787230843,4.049106791,2.331347227,3594.385757,4.449909048,296.5240295,202506,0.010746040275463404
4.565147652,74421.99106,3.796487582,4.073675413,2.394265283,3607.847269,4.456537522,294.2576759,202507,0.01080844503544695
4.585109291,74691.49911,3.808978686,4.097237171,2.473629136,3621.229219,4.460603927,289.7684163,202508,0.010865250885504203
4.606932394,74959.64587,3.825916224,4.118430886,2.570902824,3634.16016,4.462859463,285.0024694,202509,0.010911810394076928
4.627767574,75230.34531,3.846105287,4.139068685,2.666120145,3646.809045,4.46696539,280.4635437,202510,0.010949554418485432
4.644179383,75503.14499,3.867192303,4.161201105,2.730544329,3659.099991,4.477260608,276.3235983,202511,0.01098013774991249
4.654127868,75777.6386,3.887618013,4.186077195,2.746257628,3671.066688,4.495774665,273.0943792,202512,0.01100429054107697
4.660103552,76057.9138,3.90851132,4.212813646,2.730541845,3683.302194,4.51736316,272.2962465,202601,0.011020725640845446
4.665428928,76325.42086,3.929955476,4.237622228,2.712900255,3695.485398,4.533177574,275.5621921,202602,0.011026682620506448
4.672799762,76593.31852,3.953544063,4.260237589,2.712108897,3708.525799,4.539457089,283.4488583,202603,0.011022417243651878
4.681550765,76870.28825,3.97797456,4.281213321,2.724461317,3722.708344,4.53944836,293.3742221,202604,0.011012057044618712
4.689373087,77146.82611,3.999324363,4.300013136,2.738214174,3737.264064,4.538791032,300.8957377,202605,0.011001860498708261
4.694695794,77422.5121,4.015499439,4.317136156,2.744515777,3751.913677,4.541760143,303.0567325,202606,0.010995889324142607
4.697482391,77696.92836,4.027436648,4.333527308,2.745213412,3766.62234,4.546959597,300.7511199,202607,0.010991234412575946
4.698255449,77974.39821,4.037326184,4.350583363,2.745835397,3781.679166,4.55112114,296.1738279,202608,0.010982469375545844
4.697686009,78246.0994,4.046362302,4.368212773,2.7501863540000002,3796.777374,4.551919239,291.3143574,202609,0.010966266316138751
4.697045823,78516.665,4.054703511,4.385201604,2.757077861,3812.735714,4.55061178,286.6875852,202610,0.010943765748609153
4.697724537,78786.26212,4.061872377,4.399483107,2.763706855,3830.230804,4.549462544,282.4688798,202611,0.010917850518442318
4.70046447,79055.03659,4.06746592,4.409616442,2.767975475,3849.696439,4.549925907,279.1805404,202612,0.010890852843219747
4.704049626,79327.5414,4.071476836,4.416396988,2.770026499,3871.048899,4.550970076,278.3747966,202701,0.010863225081680056
4.706451295,79586.377,4.073767786,4.420844388,2.770624044,3892.173876,4.550773334,281.7181174,202702,0.01083714178763552
4.706753156,79844.87593,4.074719083,4.424396084,2.770563857,3913.398565,4.54825614,289.7788117,202703,0.01081220007658745
4.705893494,80111.94222,4.074996577,4.427710938,2.770240922,3934.588104,4.544070335,299.919506,202704,0.010790265946437854
4.705501327,80378.9605,4.075383828,4.431038904,2.769972952,3954.072876,4.539710674,307.6022918,202705,0.010775644915527963
4.706665805,80646.08607,4.076286836,4.434456294,2.769937802,3971.375305,4.536219032,309.8068914,202706,0.010769697894201652
4.708719841,80913.47315,4.076776638,4.437100654,2.769866057,3987.297068,4.533307205,307.4449439,202707,0.010768099745578633
4.710432865,81185.62282,4.075455225,4.437808267,2.769329557,4003.369948,4.53018235,302.7564561,202708,0.010764429259239915
4.710989657,81453.82087,4.071680884,4.435893328,2.768201798,4019.833679,4.526510272,297.7726492,202709,0.010754537587618206
4.711079175,81722.5175,4.066781431,4.432204923,2.767145756,4036.20826,4.522716822,293.0191461,202710,0.010740189580884586
4.71179016,81991.7668,4.062729641,4.428059599,2.767073885,4051.296021,4.519560718,288.6754224,202711,0.010725164035680813
4.71374694,82261.63505,4.06057795,4.424405173,2.768441818,4064.476023,4.517722304,285.2705264,202712,0.010712931654267326
4.716184815,82536.61814,4.058473705,4.421038702,2.770263298,4077.189508,4.517586294,284.370186,202801,0.010705937144473427
4.717777398,82803.45009,4.053888479,4.417624157,2.771011838,4090.599534,4.519387228,287.7788423,202802,0.010706492944328882
4.717953087,83071.05989,4.045223754,4.413682937,2.769760066,4106.255493,4.523026671,296.09650799999997,202803,0.010714132861991837
4.717728699,83343.97038,4.03423118,4.409169308,2.7668982,4123.600952,4.527353414,306.3901833,202804,0.01072154680722168
4.718675599,83617.79975,4.024108593,4.40429197,2.763311807,4140.902592,4.530698979,314.1600755,202805,0.010718600658212018
4.722173647,83892.59756,4.016914102,4.399148822,2.759715969,4157.031006,4.531947704,316.3596165,202806,0.010699886280658452
4.729114411,84168.42753,4.011580651,4.393642903,2.756219314,4171.983667,4.531462557,313.9161302,202807,0.010673385502461916
4.740354147,84449.79731,4.005866688,4.387520297,2.752673432,4186.387999,4.53011011,309.098815,202808,0.010651430059170446
4.755610438,84727.51295,3.998706139,4.380979265,2.749062635,4200.210495,4.528427145,303.9701438,202809,0.010642926258986904
4.773434192,85005.98576,3.99140561,4.374384138,2.745089267,4214.220768,4.525714336,299.0686413,202810,0.01064261665737477
4.791686585,85285.08298,3.986169185,4.368331958,2.740489081,4228.972748,4.520947602,294.5847312,202811,0.010641455351477622
4.808999029,85564.68559,3.984195544,4.363015893,2.735177589,4244.774574,4.513337954,291.0698425,202812,0.01063298811791699
4.826504393,85849.25655,3.983438368,4.357260983,2.729578311,4261.39358,4.502809345,290.146183,202901,0.010618541610430885
4.844517882,86120.29891,3.981040858,4.350081133,2.724711842,4277.026062,4.490541445,293.5606227,202902,0.010603224897276433
4.864864754,86391.46409,3.975221251,4.340576639,2.720543507,4292.031348,4.476649569,301.9032362,202903,0.010589320072897085
4.887814316,86671.82712,3.96746505,4.330158123,2.715872854,4307.281158,4.462092761,312.4157527,202904,0.010576454509399154
4.911785351,86952.07233,3.960905831,4.321774818,2.709283752,4322.927207,4.449122023,320.3595103,202905,0.010564226856880556
4.936055727,87232.07648,3.957691653,4.317154745,2.700013131,4339.3638,4.438785613,322.578584,202906,0.010551929884305294
4.960673499,87511.7195,3.957394644,4.3152749,2.689619612,4356.158546,4.429929169,320.0245236,202907,0.010539587483226469
4.986331526,87795.5663,3.958694533,4.3141103,2.680332262,4372.859411,4.420470558,315.0351081,202908,0.010527267337406918
5.011989993,88074.56031,3.960430259,4.312103183,2.674052164,4388.388336,4.409600204,309.7357046,202909,0.010515577474894622
5.036403459,88353.39177,3.962153311,4.308835967,2.669954348,4403.011913,4.398449454,304.6781262,202910,0.010504363320417645
5.057531875,88632.17237,3.963615311,4.304318784,2.666631386,4416.911621,4.389036454,300.0551895,202911,0.0104936066152805
5.074317083,88911.0127,3.964738407,4.29870716,2.663160327,4430.441304,4.382513836,296.4280112,202912,0.010483046391974194
5.089091329,89194.59878,3.965993856,4.292584033,2.660007174,4444.76275,4.377159992,295.4490239,203001,0.010471462323223614
5.103857724,89464.72894,3.967867338,4.287148541,2.658268,4459.950126,4.370909037,298.9005544,203002,0.01045847254941527
5.121115464,89735.22937,3.97071523,4.282652578,2.658212199,4477.290728,4.361930885,307.3810195,203003,0.010443303811206372
5.140006383,90015.38365,3.974068776,4.278762377,2.65872559,4496.638123,4.350781191,318.0740903,203004,0.010428222134866116
5.157375081,90296.14792,3.976945585,4.275192153,2.658119663,4516.17945,4.339499601,326.1451336,203005,0.01041768200142102
5.171768911,90577.62547,3.978824549,4.271579992,2.655441165,4534.844269,4.329719224,328.3733552,203006,0.01041372691988724
5.185158574,90859.92901,3.980334578,4.267903559,2.652036384,4552.20983,4.322533499,325.7287086,203007,0.010412835805769061
5.200907642,91147.72789,3.982538087,4.264194039,2.650016796,4568.346184,4.318766993,320.5948164,203008,0.010409475313967473
5.220252731,91431.68145,3.986034944,4.260681642,2.65084812,4582.864807,4.318699315,315.1409937,203009,0.010400094126861822
5.241286064,91716.36577,3.99049124,4.257473727,2.653711453,4597.104315,4.320294801,309.9299167,203010,0.010386281948853772
5.260675345,92001.7083,3.995203604,4.254745345,2.657120027,4612.419342,4.320928438,305.1590319,203011,0.010371384649052674
5.276144985,92287.651,3.999611435,4.25240334,2.66002693,4629.759758,4.318776631,301.402609,203012,0.010358020874010155
5.288858662,92578.82437,4.003639126,4.249452591,2.662743561,4649.058986,4.314469849,300.3509957,203101,0.010346466821961676
5.299992153,92856.35349,4.007051585,NA,NA,NA,NA,NA,203102,NA
5.311552306,93134.26614,4.010132636,NA,NA,NA,NA,NA,203103,NA
5.323926366,93421.92953,4.013340206,NA,NA,NA,NA,NA,203104,NA
5.336256204,93709.86979,4.017031336,NA,NA,NA,NA,NA,203105,NA
5.348112433,93998.01932,4.021443441,NA,NA,NA,NA,NA,203106,NA
5.359226177,94286.32182,4.026148878,NA,NA,NA,NA,NA,203107,NA
5.369557614,94579.53051,4.030557898,NA,NA,NA,NA,NA,203108,NA
5.378810918,94868.30027,4.034070662,NA,NA,NA,NA,NA,203109,NA
5.387897523,95157.48348,4.036892427,NA,NA,NA,NA,NA,203110,NA
5.39775955,95447.19651,4.039350116,NA,NA,NA,NA,NA,203111,NA
5.409008647,95737.56739,4.041646055,NA,NA,NA,NA,NA,203112,NA
5.421415817,96033.4923,4.043660203,NA,NA,NA,NA,NA,203201,NA
5.433629999,96320.74906,4.045045785,NA,NA,NA,NA,NA,203202,NA
5.44560416,96609.00252,4.045723831,NA,NA,NA,NA,NA,203203,NA
5.457934488,96903.18095,4.045916151,NA,NA,NA,NA,NA,203204,NA
5.47110987,97198.62624,4.045939219,NA,NA,NA,NA,NA,203205,NA
5.485653565,97495.44547,4.0461025,NA,NA,NA,NA,NA,203206,NA
5.501669545,97793.76917,4.046621898,NA,NA,NA,NA,NA,203207,NA
5.519378469,98098.54913,4.04769496,NA,NA,NA,NA,NA,203208,NA
5.537823784,98399.9061,4.049214074,NA,NA,NA,NA,NA,203209,NA
5.555964305,98702.69978,4.050376377,NA,NA,NA,NA,NA,203210,NA
5.572225203,99006.85951,4.050148701,NA,NA,NA,NA,NA,203211,NA
5.585573034,99312.34468,4.047842196,NA,NA,NA,NA,NA,203212,NA
5.596880024,99624.12795,4.043858736,NA,NA,NA,NA,NA,203301,NA
5.606677119,99921.97417,4.039317096,NA,NA,NA,NA,NA,203302,NA
5.616440777,100220.9174,4.034593145,NA,NA,NA,NA,NA,203303,NA
5.626767331,100531.063,4.029421616,NA,NA,NA,NA,NA,203304,NA
5.637384153,100842.2586,4.023621157,NA,NA,NA,NA,NA,203305,NA
5.648201968,101154.4376,4.016947755,NA,NA,NA,NA,NA,203306,NA
5.658733656,101467.5584,4.009400429,NA,NA,NA,NA,NA,203307,NA
5.668519879,101786.7537,4.000941702,NA,NA,NA,NA,NA,203308,NA
5.676994876,102101.752,3.9921679,NA,NA,NA,NA,NA,203309,NA
5.685122287,102417.7309,3.983937575,NA,NA,NA,NA,NA,203310,NA
5.694013798,102734.7085,3.977425627,NA,NA,NA,NA,NA,203311,NA
5.704326781,103052.7249,3.973302284,NA,NA,NA,NA,NA,203312,NA
5.715487873,103377.0404,3.970525217,NA,NA,NA,NA,NA,203401,NA
5.725636909,103686.7009,3.96778082,NA,NA,NA,NA,NA,203402,NA
5.734626087,103997.4264,3.963933035,NA,NA,NA,NA,NA,203403,NA
5.743334787,104319.8017,3.9591623,NA,NA,NA,NA,NA,203404,NA
5.75248144,104643.3597,3.954374344,NA,NA,NA,NA,NA,203405,NA
5.762578179,104968.1166,3.950267958,NA,NA,NA,NA,NA,203406,NA
5.772554066,105294.1126,3.947212518,NA,NA,NA,NA,NA,203407,NA
5.780949645,105626.7172,3.945427405,NA,NA,NA,NA,NA,203408,NA
5.786574161,105955.1812,3.945054925,NA,NA,NA,NA,NA,203409,NA
5.790566487,106284.8468,3.945676785,NA,NA,NA,NA,NA,203410,NA
5.794519576,106615.6788,3.94674992,NA,NA,NA,NA,NA,203411,NA
5.799638058,106947.6677,3.94778574,NA,NA,NA,NA,NA,203412,NA
5.806087944,107286.2521,3.948437398,NA,NA,NA,NA,NA,203501,NA
5.813099174,107609.506,3.948398189,NA,NA,NA,NA,NA,203502,NA
5.820602815,107933.7916,3.947511632,NA,NA,NA,NA,NA,203503,NA
5.828195599,108270.1035,3.945850208,NA,NA,NA,NA,NA,203504,NA
5.8348483,108607.4619,3.943650099,NA,NA,NA,NA,NA,203505,NA
5.84016911,108945.8333,3.941194636,NA,NA,NA,NA,NA,203506,NA
5.844857532,109285.2082,3.938896264,NA,NA,NA,NA,NA,203507,NA
5.850066485,109631.1675,3.937188576,NA,NA,NA,NA,NA,203508,NA
5.856203152,109972.5749,3.936435187,NA,NA,NA,NA,NA,203509,NA
5.862511348,110315.0369,3.936477376,NA,NA,NA,NA,NA,203510,NA
5.867732723,110658.5679,3.937037114,NA,NA,NA,NA,NA,203511,NA
5.871134198,111003.2058,3.937853289,NA,NA,NA,NA,NA,203512,NA
